{
  "total_tested": 30,
  "successful": 30,
  "failed": 0,
  "by_decision": {
    "VALID": {
      "count": 20,
      "avg_confidence": 0.9545,
      "avg_time": 19.656289303302763
    },
    "INVALID": {
      "count": 10,
      "avg_confidence": 0.9380000000000001,
      "avg_time": 16.826988697052002
    }
  },
  "performance": {
    "avg_time": 18.71318910121918,
    "min_time": 9.286489963531494,
    "max_time": 26.71931219100952,
    "times": [
      18.334106922149658,
      18.329171895980835,
      17.413986682891846,
      16.716782093048096,
      14.229880094528198,
      20.210915088653564,
      15.407546281814575,
      23.34507179260254,
      17.814427852630615,
      12.799704790115356,
      21.501648902893066,
      9.286489963531494,
      18.81832218170166,
      11.259935855865479,
      18.120301961898804,
      21.562292098999023,
      18.542541027069092,
      23.395785093307495,
      23.187438011169434,
      20.00711488723755,
      14.715172052383423,
      25.0888090133667,
      15.355108737945557,
      26.71931219100952,
      17.06378483772278,
      16.468587160110474,
      20.37179708480835,
      18.49058699607849,
      24.820014715194702,
      22.019036769866943
    ]
  },
  "tools_usage": {
    "get_word_context": 30,
    "get_merchant_metadata": 26,
    "search_similar_words": 25,
    "submit_decision": 30,
    "get_labels_on_receipt": 4,
    "get_all_labels_for_word": 1
  },
  "embedding_source": {
    "stored": 0,
    "on_the_fly": 0
  }
}